Date,Open,High,Low,Close
2021-06-22,18.41,18.9,18.32,18.82
2021-06-23,18.94,19.09,18.84,18.99
2021-06-24,19.16,19.35,19.02,19.14
2021-06-25,19.21,19.28,18.83,18.97
2021-06-28,19.29,20.01,19.25,19.92
2021-06-29,19.81,20.03,19.59,19.96
2021-06-30,19.93,20.09,19.8,19.93
2021-07-01,20.06,20.39,19.95,20.14
2021-07-02,20.37,20.43,20.22,20.42
2021-07-06,20.67,20.77,20.28,20.63
2021-07-07,20.78,20.8,20.26,20.3
2021-07-08,19.79,20.06,19.63,19.83
2021-07-09,19.89,20.01,19.69,19.98
2021-07-12,20.17,20.46,20.12,20.44
2021-07-13,20.33,20.39,20.04,20.18
2021-07-14,20.29,20.35,19.68,19.77
2021-07-15,19.74,19.78,18.79,18.9
2021-07-16,18.96,19.09,18.01,18.1
2021-07-19,17.85,18.98,17.8,18.72
2021-07-20,18.67,18.77,18.1,18.55
2021-07-21,18.82,19.46,18.68,19.34
2021-07-22,19.57,19.82,19.21,19.53
2021-07-23,19.59,19.63,19.18,19.49
2021-07-26,19.24,19.37,18.85,19.23
2021-07-27,19.2,19.55,18.68,19.14
2021-07-28,19.25,19.58,18.93,19.44
2021-07-29,19.45,19.78,19.26,19.59
2021-07-30,19.35,19.56,19.2,19.43
2021-08-02,19.63,19.89,19.29,19.68
2021-08-03,19.67,20.15,19.15,19.75
2021-08-04,19.92,20.25,19.76,20.2
2021-08-05,20.43,20.66,20.27,20.57
2021-08-06,20.45,20.5,20.14,20.3
2021-08-09,20.38,20.44,20.07,20.23
2021-08-10,20.25,20.36,19.77,19.87
2021-08-11,19.97,19.98,19.36,19.63
2021-08-12,19.8,19.96,19.55,19.84
2021-08-13,19.84,20.14,19.78,20.12
2021-08-16,20.07,20.22,19.39,19.88
2021-08-17,19.62,19.7,19.2,19.39
2021-08-18,19.43,19.57,18.93,18.97
2021-08-19,19.43,20.42,18.7,19.73
2021-08-20,19.92,20.79,19.86,20.74
2021-08-23,20.9,21.92,20.88,21.88
2021-08-24,21.68,21.88,21.46,21.72
2021-08-25,21.66,22.39,21.65,22.14
2021-08-26,22.12,22.26,21.71,21.99
2021-08-27,22.11,22.64,22.09,22.56
2021-08-30,22.75,22.96,22.47,22.61
2021-08-31,22.62,22.62,22.05,22.31
2021-09-01,22.41,22.62,22.28,22.37
2021-09-02,22.44,22.52,22.22,22.32
2021-09-03,22.25,22.91,22.13,22.77
2021-09-07,22.76,22.82,22.45,22.59
2021-09-08,22.44,22.54,21.91,22.27
2021-09-09,22.24,22.46,22.06,22.1
2021-09-10,22.27,22.55,22.2,22.4
2021-09-13,22.61,22.89,21.79,22.08
2021-09-14,22.2,22.34,22.01,22.17
2021-09-15,22.24,22.29,21.89,22.27
2021-09-16,22.11,22.2,21.86,22.17
2021-09-17,22.23,22.25,21.76,21.83
2021-09-20,21.08,21.36,20.59,21.04
2021-09-21,21.35,21.35,20.88,21.18
2021-09-22,21.3,21.89,21.13,21.87
2021-09-23,22.07,22.46,21.82,22.41
2021-09-24,22.0,22.08,21.79,22.01
2021-09-27,21.64,21.73,21.26,21.59
2021-09-28,21.14,21.35,20.58,20.63
2021-09-29,20.87,20.95,20.4,20.45
2021-09-30,20.7,21.0,20.62,20.65
2021-10-01,20.68,20.79,20.14,20.67
2021-10-04,20.44,20.47,19.49,19.67
2021-10-05,19.88,20.58,19.79,20.38
2021-10-06,20.05,20.65,20.01,20.63
2021-10-07,21.02,21.25,20.9,21.01
2021-10-08,21.03,21.14,20.71,20.76
2021-10-11,20.51,20.99,20.44,20.63
2021-10-12,20.76,20.99,20.46,20.6
2021-10-13,20.85,20.92,20.65,20.87
2021-10-14,21.22,21.68,21.05,21.67
2021-10-15,21.74,21.86,21.59,21.79
2021-10-18,21.68,22.22,21.57,22.15
2021-10-19,22.2,22.31,21.96,22.22
2021-10-20,22.23,22.36,21.91,22.03
2021-10-21,22.02,22.64,22.01,22.62
2021-10-22,22.75,23.05,22.49,22.65
2021-10-25,22.9,23.28,22.7,23.09
2021-10-26,23.91,25.18,23.85,24.64
2021-10-27,24.39,25.01,24.2,24.37
2021-10-28,24.8,24.87,24.44,24.86
2021-10-29,24.92,25.62,24.92,25.48
2021-11-01,25.57,25.81,25.14,25.74
2021-11-02,25.74,26.59,25.72,26.31
2021-11-03,26.58,26.7,26.15,26.51
2021-11-04,27.14,31.26,27.03,29.7
2021-11-05,30.09,31.3,29.31,29.65
2021-11-08,30.05,31.0,29.81,30.7
2021-11-09,32.18,32.2,29.87,30.56
2021-11-10,29.26,30.75,28.68,29.36
2021-11-11,30.37,30.49,29.68,30.29
2021-11-12,29.91,30.58,29.53,30.29
2021-11-15,30.45,30.54,29.15,29.93
2021-11-16,29.66,30.29,29.61,30.1
2021-11-17,30.32,30.41,28.71,29.17
2021-11-18,32.26,32.65,31.22,31.57
2021-11-19,32.14,32.98,31.8,32.88
2021-11-22,33.41,34.53,31.8,31.85
2021-11-23,31.43,32.25,30.78,31.64
2021-11-24,31.36,32.75,30.83,32.57
2021-11-26,32.49,32.6,31.25,31.4
2021-11-29,32.26,33.3,31.93,33.27
2021-11-30,33.06,33.24,31.76,32.57
2021-12-01,33.11,33.18,31.28,31.34
2021-12-02,31.12,32.38,30.93,32.02
2021-12-03,31.9,32.03,30.04,30.6
2021-12-06,29.79,30.15,27.95,29.94
2021-12-07,30.86,32.35,30.55,32.32
2021-12-08,31.9,32.19,31.32,31.73
2021-12-09,31.63,32.1,30.33,30.39
2021-12-10,31.05,31.21,29.77,30.1
2021-12-13,30.15,30.2,28.03,28.07
2021-12-14,27.61,28.59,27.16,28.25
2021-12-15,28.31,30.4,27.75,30.36
2021-12-16,31.05,31.06,28.0,28.3
2021-12-17,27.9,28.83,27.67,27.71
2021-12-20,27.22,28.06,27.06,27.63
2021-12-21,28.28,29.03,27.31,28.98
2021-12-22,28.8,29.46,28.36,29.31
2021-12-23,29.66,29.96,29.34,29.55
2021-12-27,29.57,30.99,29.55,30.85
2021-12-28,31.21,31.23,29.92,30.23
2021-12-29,30.18,30.45,29.27,29.91
2021-12-30,29.73,30.36,29.45,29.49
2021-12-31,29.58,29.94,29.24,29.32
2022-01-03,29.72,30.61,29.69,30.03
2022-01-04,30.18,30.37,28.26,29.2
2022-01-05,28.86,29.32,27.45,27.52
2022-01-06,27.55,28.35,26.98,28.09
2022-01-07,28.05,28.33,26.97,27.16
2022-01-10,26.5,27.38,25.56,27.31
2022-01-11,27.24,27.98,26.75,27.73
2022-01-12,27.98,28.5,27.52,27.91
2022-01-13,28.29,28.39,26.41,26.49
2022-01-14,26.22,27.11,26.13,26.86
2022-01-18,26.18,26.55,25.69,25.82
2022-01-19,26.0,26.46,24.97,24.99
2022-01-20,25.22,25.5,24.0,24.07
2022-01-21,23.43,24.74,23.19,23.3
2022-01-24,22.26,23.31,20.82,23.3
2022-01-25,22.47,22.87,21.93,22.25
2022-01-26,23.17,23.98,22.23,22.7
2022-01-27,23.49,23.92,21.61,21.87
2022-01-28,21.94,22.79,21.23,22.77
2022-01-31,23.11,24.43,22.98,24.41
2022-02-01,25.02,25.07,23.81,24.56
2022-02-02,25.71,25.74,24.48,25.16
2022-02-03,24.38,25.0,23.71,23.87
2022-02-04,23.9,24.56,23.56,24.24
2022-02-07,24.3,25.1,24.13,24.65
2022-02-08,24.28,25.15,23.9,25.03
2022-02-09,25.54,26.64,25.27,26.62
2022-02-10,25.91,26.84,25.52,25.74
2022-02-11,25.83,26.07,23.7,23.87
2022-02-14,23.86,24.8,23.68,24.19
2022-02-15,24.87,26.46,24.71,26.41
2022-02-16,26.18,26.5,25.47,26.43
2022-02-17,25.55,25.7,24.09,24.43
2022-02-18,24.59,24.91,23.03,23.57
2022-02-22,22.96,23.99,22.93,23.32
2022-02-23,23.73,24.08,22.23,22.32
2022-02-24,20.95,23.73,20.82,23.67
2022-02-25,23.65,24.14,23.31,24.08
2022-02-28,23.92,24.59,23.63,24.31
2022-03-01,24.21,24.3,23.06,23.4
2022-03-02,23.69,24.34,23.35,24.15
2022-03-03,24.19,24.25,23.4,23.64
2022-03-04,23.31,23.61,22.42,22.87
2022-03-07,22.75,22.96,21.27,21.29
2022-03-08,21.25,22.31,20.59,21.45
2022-03-09,22.32,23.15,22.18,22.95
2022-03-10,22.46,22.72,21.82,22.59
2022-03-11,22.95,23.08,21.98,22.03
2022-03-14,21.8,22.2,21.1,21.27
2022-03-15,21.45,22.97,21.26,22.9
2022-03-16,23.43,24.52,23.1,24.42
2022-03-17,24.05,24.77,23.83,24.69
2022-03-18,24.73,26.49,24.55,26.37
2022-03-21,26.43,27.07,25.89,26.65
2022-03-22,26.65,27.16,25.99,26.44
2022-03-23,26.05,26.53,25.5,25.56
2022-03-24,26.09,28.24,25.83,28.07
2022-03-25,27.8,28.27,27.19,27.61
2022-03-28,27.67,28.17,27.12,28.13
2022-03-29,28.61,28.86,27.9,28.57
2022-03-30,28.22,28.41,27.42,27.61
2022-03-31,27.7,28.16,27.19,27.2
2022-04-01,27.29,27.41,26.19,26.63
2022-04-04,26.65,27.48,26.53,27.28
2022-04-05,27.17,27.24,25.74,25.85
2022-04-06,24.86,25.22,23.93,24.33
2022-04-07,24.37,24.65,23.41,24.14
2022-04-08,23.85,23.85,22.99,23.05
2022-04-11,22.15,22.25,21.6,21.85
2022-04-12,22.47,22.66,21.22,21.44
2022-04-13,21.66,22.43,21.39,22.14
2022-04-14,22.44,22.71,21.1,21.19
2022-04-18,21.14,22.02,21.02,21.72
2022-04-19,21.66,22.31,21.25,22.13
2022-04-20,22.45,22.6,21.14,21.42
2022-04-21,21.64,22.33,19.94,20.12
2022-04-22,20.24,20.42,19.44,19.46
2022-04-25,19.14,19.89,19.04,19.84
2022-04-26,19.66,19.73,18.61,18.73
2022-04-27,18.54,19.11,18.24,18.36
2022-04-28,18.91,19.98,18.43,19.72
2022-04-29,19.34,20.07,18.46,18.49
2022-05-02,18.49,19.52,18.34,19.47
2022-05-03,19.34,19.77,19.08,19.54
2022-05-04,19.86,20.34,18.7,20.27
2022-05-05,19.81,19.87,18.44,18.79
2022-05-06,18.68,19.45,17.94,18.62
2022-05-09,17.98,18.2,16.78,16.9
2022-05-10,17.64,18.14,16.97,17.54
2022-05-11,17.3,17.7,16.52,16.58
2022-05-12,16.17,16.74,15.52,16.13
2022-05-13,16.74,17.87,16.54,17.65
2022-05-16,17.46,17.74,17.06,17.21
2022-05-17,18.02,18.32,17.58,18.12
2022-05-18,17.65,18.06,16.81,16.89
2022-05-19,16.89,17.63,16.68,17.07
2022-05-20,17.28,17.36,15.71,16.64
2022-05-23,16.23,16.86,16.13,16.85
2022-05-24,16.46,16.55,15.73,16.11
2022-05-25,15.97,17.06,15.95,16.92
2022-05-26,15.99,18.04,15.97,17.8
2022-05-27,18.13,18.82,18.05,18.75
2022-05-31,18.92,19.14,18.3,18.62
2022-06-01,18.67,19.0,18.07,18.27
2022-06-02,18.24,19.56,18.14,19.53
2022-06-03,19.03,19.27,18.47,18.66
2022-06-06,19.08,19.28,18.51,18.73
2022-06-07,18.42,18.94,18.13,18.87
2022-06-08,18.75,19.13,18.48,18.6
2022-06-09,18.43,18.88,17.99,18.0
2022-06-10,17.55,17.65,16.82,16.93
2022-06-13,15.96,16.27,15.56,15.6
2022-06-14,15.69,16.02,15.37,15.79
2022-06-15,16.05,16.82,15.88,16.48
2022-06-16,15.82,15.9,15.36,15.56
2022-06-17,15.6,15.95,15.29,15.84
2022-06-21,16.43,16.96,16.36,16.52
2022-06-22,16.18,16.62,16.14,16.31
2022-06-23,16.47,16.54,15.81,16.18
2022-06-24,16.45,17.09,16.26,17.08
2022-06-27,17.26,17.28,16.58,16.82
2022-06-28,16.85,17.15,15.9,15.94
2022-06-29,15.77,15.78,15.13,15.5
2022-06-30,15.32,15.52,14.82,15.12
2022-07-01,14.86,15.02,14.35,14.48
2022-07-05,14.14,14.93,14.02,14.92
2022-07-06,14.97,15.28,14.75,15.09
2022-07-07,15.41,15.9,15.35,15.81
2022-07-08,15.39,15.99,15.35,15.79
2022-07-11,15.48,15.48,15.0,15.11
2022-07-12,15.23,15.39,14.84,15.04
2022-07-13,14.55,15.33,14.42,15.12
2022-07-14,15.07,15.43,14.69,15.33
2022-07-15,15.62,15.74,15.4,15.72
2022-07-18,16.26,16.85,15.96,16.06
2022-07-19,16.44,17.06,16.13,16.94
2022-07-20,16.9,17.88,16.75,17.76
2022-07-21,17.84,18.09,17.5,18.0
2022-07-22,17.84,17.92,17.09,17.27
2022-07-25,16.97,17.08,16.6,16.98
2022-07-26,16.84,16.87,16.43,16.49
2022-07-27,16.98,17.89,16.87,17.74
2022-07-28,17.93,18.09,17.39,17.93
2022-07-29,17.76,18.19,17.64,18.11
2022-08-01,18.13,18.79,17.94,18.39
2022-08-02,18.07,18.89,18.04,18.47
2022-08-03,18.13,18.92,18.09,18.84
2022-08-04,18.8,19.22,18.71,19.16
2022-08-05,18.76,19.18,18.61,18.94
2022-08-08,17.45,18.19,17.19,17.74
2022-08-09,17.2,17.4,16.68,17.04
2022-08-10,17.65,18.07,17.27,18.05
2022-08-11,18.08,18.66,17.83,17.89
2022-08-12,18.11,18.67,17.9,18.66
2022-08-15,18.65,19.11,18.56,18.98
2022-08-16,18.87,19.09,18.45,18.83
2022-08-17,18.47,18.64,18.09,18.28
2022-08-18,18.25,18.81,18.13,18.72
2022-08-19,18.36,18.47,17.72,17.8
2022-08-22,17.44,17.51,16.92,16.99
2022-08-23,16.94,17.42,16.92,17.13
2022-08-24,16.96,17.36,16.85,17.17
2022-08-25,16.8,17.9,16.79,17.86
2022-08-26,17.81,17.87,16.19,16.21
2022-08-29,15.98,16.29,15.72,15.76
2022-08-30,15.92,15.99,15.14,15.43
2022-08-31,15.34,15.5,14.92,15.05
2022-09-01,14.17,14.34,13.23,13.9
2022-09-02,14.06,14.13,13.55,13.61
2022-09-06,13.69,13.74,13.31,13.43
2022-09-07,13.53,13.8,13.31,13.68
2022-09-08,13.43,13.97,13.34,13.96
2022-09-09,14.12,14.44,14.09,14.35
2022-09-12,14.33,14.51,14.16,14.47
2022-09-13,13.77,13.89,13.07,13.1
2022-09-14,13.22,13.26,12.88,13.1
2022-09-15,12.98,13.2,12.76,12.9
2022-09-16,12.71,13.18,12.59,13.17
2022-09-19,12.98,13.43,12.98,13.35
2022-09-20,13.18,13.45,13.02,13.14
2022-09-21,13.18,14.0,13.08,13.23
2022-09-22,13.04,13.12,12.4,12.53
2022-09-23,12.39,12.58,12.23,12.49
2022-09-26,12.46,12.63,12.18,12.2
2022-09-27,12.48,12.7,12.23,12.38
2022-09-28,12.38,12.79,12.32,12.7
2022-09-29,12.42,12.47,11.92,12.19
2022-09-30,12.06,12.6,12.05,12.11
2022-10-03,12.32,12.65,12.08,12.48
2022-10-04,12.85,13.19,12.85,13.13
2022-10-05,12.88,13.29,12.59,13.18
2022-10-06,13.19,13.62,13.07,13.1
2022-10-07,12.47,12.64,11.99,12.05
2022-10-10,12.01,12.09,11.38,11.64
2022-10-11,11.53,11.82,11.26,11.56
2022-10-12,11.55,11.71,11.32,11.47
2022-10-13,10.94,12.05,10.79,11.93
2022-10-14,12.03,12.08,11.18,11.2
2022-10-17,11.49,11.92,11.49,11.86
2022-10-18,12.31,12.46,11.59,11.94
2022-10-19,11.85,12.32,11.8,12.02
2022-10-20,12.08,12.74,12.08,12.16
2022-10-21,12.07,12.47,11.86,12.44
2022-10-24,12.48,12.68,12.03,12.57
2022-10-25,12.66,13.27,12.63,13.23
2022-10-26,12.84,13.35,12.68,12.86
2022-10-27,13.6,13.8,13.09,13.14
2022-10-28,13.07,13.82,13.03,13.8
2022-10-31,13.74,13.8,13.26,13.46
2022-11-01,13.78,13.89,13.49,13.51
2022-11-02,13.82,14.17,13.18,13.19
2022-11-03,13.01,13.75,12.92,13.39
2022-11-04,13.95,14.19,13.66,14.12
2022-11-07,14.19,14.38,13.92,14.27
2022-11-08,14.76,14.85,14.18,14.57
2022-11-09,14.13,14.18,13.72,13.74
2022-11-10,14.76,15.73,14.51,15.71
2022-11-11,15.77,16.35,15.44,16.29
2022-11-14,16.18,16.5,15.88,16.25
2022-11-15,16.68,16.96,16.34,16.62
2022-11-16,16.12,16.32,15.83,15.87
2022-11-17,15.68,16.23,15.5,15.64
2022-11-18,15.93,15.96,15.08,15.37
2022-11-21,15.11,15.44,15.04,15.28
2022-11-22,15.29,16.02,15.08,16.0
2022-11-23,16.06,16.49,16.01,16.48
2022-11-25,16.28,16.45,16.13,16.23
2022-11-28,15.99,16.32,15.69,15.79
2022-11-29,15.79,15.89,15.48,15.6
2022-11-30,15.66,16.89,15.56,16.89
2022-12-01,16.96,17.23,16.6,17.1
2022-12-02,16.62,16.9,16.41,16.84
2022-12-05,16.64,16.96,16.44,16.57
2022-12-06,16.49,16.54,15.78,15.95
2022-12-07,15.74,16.15,15.63,16.08
2022-12-08,16.24,17.14,15.92,17.13
2022-12-09,17.12,17.54,16.94,16.96
2022-12-12,17.0,17.5,16.76,17.5
2022-12-13,18.49,18.75,17.67,18.03
2022-12-14,17.95,18.21,17.38,17.63
2022-12-15,17.11,17.28,16.66,16.91
2022-12-16,16.83,17.0,16.37,16.53
2022-12-19,16.54,16.57,16.11,16.22
2022-12-20,16.03,16.27,15.82,16.05
2022-12-21,16.08,16.59,16.07,16.46
2022-12-22,16.06,16.1,14.85,15.3
2022-12-23,15.16,15.3,14.85,15.17
2022-12-27,15.04,15.07,14.02,14.09
2022-12-28,13.9,14.23,13.85,14.0
2022-12-29,14.37,14.65,14.2,14.57
2022-12-30,14.3,14.6,14.2,14.58
2023-01-03,14.82,14.96,14.06,14.28
2023-01-04,14.53,14.82,14.21,14.72
2023-01-05,14.46,14.53,14.12,14.23
2023-01-06,14.44,14.98,14.0,14.83
2023-01-09,15.25,16.02,15.11,15.59
2023-01-10,15.47,15.93,15.44,15.87
2023-01-11,15.8,15.99,15.53,15.97
2023-01-12,16.06,16.6,15.46,16.47
2023-01-13,16.24,16.88,16.13,16.86
2023-01-17,16.86,17.69,16.86,17.66
2023-01-18,17.63,17.83,17.24,17.34
2023-01-19,17.0,17.16,16.69,16.73
2023-01-20,16.97,17.82,16.79,17.8
2023-01-23,18.02,19.2,17.78,19.15
2023-01-24,18.79,19.45,18.78,19.22
2023-01-25,18.87,19.33,18.54,19.28
2023-01-26,19.66,20.12,19.24,19.76
2023-01-27,19.42,20.58,19.36,20.32
2023-01-30,19.91,20.1,19.11,19.12
2023-01-31,19.13,19.64,18.91,19.49
2023-02-01,19.65,21.15,19.57,20.9
2023-02-02,20.95,21.9,20.65,21.66
2023-02-03,20.95,21.7,20.74,21.05
2023-02-06,20.76,21.52,20.74,21.04
2023-02-07,21.33,22.21,21.1,22.12
2023-02-08,22.34,22.83,21.96,22.16
2023-02-09,22.56,22.97,22.07,22.29
2023-02-10,21.64,22.03,20.76,21.22
2023-02-13,21.49,22.0,20.92,21.74
2023-02-14,21.53,23.0,21.32,22.92
2023-02-15,22.5,22.8,22.06,22.71
2023-02-16,22.08,22.5,21.88,21.95
2023-02-17,21.58,21.69,20.93,21.34
2023-02-21,20.95,21.45,20.57,20.61
2023-02-22,20.66,21.06,20.38,20.71
2023-02-23,23.39,23.84,22.97,23.61
2023-02-24,23.17,23.42,22.9,23.23
2023-02-27,23.62,23.83,23.4,23.45
2023-02-28,23.32,23.77,23.15,23.16
2023-03-01,23.14,23.2,22.46,22.65
2023-03-02,22.44,23.33,22.38,23.26
2023-03-03,23.27,23.85,23.08,23.84
2023-03-06,23.84,24.19,23.43,23.5
2023-03-07,23.55,24.08,23.19,23.24
2023-03-08,23.44,24.15,23.38,24.13
2023-03-09,24.13,24.4,23.34,23.39
2023-03-10,23.36,23.58,22.68,22.92
2023-03-13,22.71,23.25,22.25,22.92
2023-03-14,23.45,24.17,23.41,24.01
2023-03-15,23.71,24.24,23.31,24.18
2023-03-16,23.98,25.54,23.85,25.49
2023-03-17,25.93,26.34,25.62,25.67
2023-03-20,25.56,25.97,25.08,25.85
2023-03-21,26.13,26.34,25.33,26.15
2023-03-22,26.37,27.53,26.18,26.41
2023-03-23,27.06,27.44,26.64,27.14
2023-03-24,26.98,27.11,26.3,26.72
2023-03-27,26.78,26.94,26.31,26.48
2023-03-28,26.39,26.46,25.8,26.36
2023-03-29,26.77,27.02,26.54,26.93
2023-03-30,27.17,27.44,27.05,27.33
2023-03-31,27.08,27.78,27.05,27.72
2023-04-03,27.45,27.94,27.28,27.91
2023-04-04,27.91,27.94,27.25,27.4
2023-04-05,26.77,26.94,26.34,26.83
2023-04-06,26.53,27.02,26.37,26.98
2023-04-10,26.77,27.56,26.61,27.52
2023-04-11,27.67,27.73,27.07,27.11
2023-04-12,27.31,27.41,26.39,26.44
2023-04-13,26.68,26.83,26.28,26.41
2023-04-14,26.45,26.83,26.17,26.7
2023-04-17,26.51,26.95,26.38,26.95
2023-04-18,27.48,28.05,27.3,27.61
2023-04-19,27.3,27.94,27.18,27.87
2023-04-20,27.61,27.97,26.94,27.05
2023-04-21,26.9,27.13,26.67,27.06
2023-04-24,26.96,27.31,26.62,26.99
2023-04-25,27.02,27.19,26.17,26.19
2023-04-26,26.95,27.27,26.65,26.9
2023-04-27,27.31,27.44,26.57,27.17
2023-04-28,27.17,27.7,27.02,27.69
2023-05-01,27.78,29.0,27.72,28.85
2023-05-02,28.62,28.78,28.03,28.15
2023-05-03,27.78,28.31,27.42,27.75
2023-05-04,27.59,27.8,27.18,27.51
2023-05-05,27.77,28.7,27.67,28.62
2023-05-08,28.46,29.16,28.29,29.09
2023-05-09,28.84,28.91,28.39,28.51
2023-05-10,28.95,29.05,28.4,28.83
2023-05-11,28.84,28.89,28.19,28.52
2023-05-12,28.47,28.72,27.99,28.28
2023-05-15,28.45,28.91,28.09,28.89
2023-05-16,28.78,29.81,28.77,29.15
2023-05-17,29.52,30.14,29.37,30.12
2023-05-18,30.35,31.76,30.26,31.61
2023-05-19,31.47,31.52,30.85,31.2
2023-05-22,30.84,31.46,30.62,31.11
2023-05-23,30.94,31.22,30.57,30.63
2023-05-24,30.15,30.54,29.74,30.48
2023-05-25,38.44,39.4,36.56,37.9
2023-05-26,37.81,39.09,37.47,38.87
2023-05-30,40.51,41.85,39.87,40.03
2023-05-31,39.41,40.21,37.74,37.76
2023-06-01,38.41,39.97,38.26,39.69
2023-06-02,40.01,40.42,38.98,39.25
2023-06-05,38.83,39.48,38.63,39.09
2023-06-06,38.75,39.08,38.07,38.57
2023-06-07,38.84,39.42,37.28,37.4
2023-06-08,37.65,38.79,37.43,38.44
2023-06-09,38.96,39.63,38.49,38.69
2023-06-12,39.12,39.45,38.54,39.41
2023-06-13,40.11,41.02,39.66,40.94
2023-06-14,40.74,42.92,40.47,42.91
2023-06-15,42.52,43.2,42.07,42.57
2023-06-16,43.37,43.64,42.58,42.61
2023-06-20,42.91,43.9,42.59,43.72
2023-06-21,43.42,43.53,42.0,42.96
2023-06-22,42.17,43.34,42.15,42.94
2023-06-23,42.38,42.73,41.93,42.13
2023-06-26,42.38,42.68,40.02,40.55
2023-06-27,40.72,41.86,40.37,41.79
2023-06-28,40.58,41.76,40.44,41.04
2023-06-29,41.48,41.52,40.52,40.74
2023-06-30,41.6,42.47,41.42,42.22
2023-07-03,42.43,42.81,42.12,42.33
2023-07-05,42.05,43.09,42.0,42.23
2023-07-06,41.76,42.1,41.27,42.02
2023-07-07,42.24,43.13,42.1,42.42
2023-07-10,42.57,42.73,41.57,42.1
2023-07-11,42.4,42.67,41.99,42.32
2023-07-12,42.95,43.85,42.69,43.82
2023-07-13,44.43,46.07,44.41,45.89
2023-07-14,46.49,47.99,44.97,45.38
2023-07-17,46.2,46.41,45.17,46.37
2023-07-18,46.61,47.8,45.65,47.4
2023-07-19,47.37,47.73,46.65,46.99
2023-07-20,46.42,47.0,44.97,45.43
2023-07-21,45.7,45.78,44.01,44.22
2023-07-24,44.64,45.02,43.95,44.53
2023-07-25,44.85,46.09,44.84,45.59
2023-07-26,45.93,45.96,44.54,45.36
2023-07-27,46.43,47.3,45.66,45.81
2023-07-28,46.58,46.94,46.29,46.66
2023-07-31,46.66,47.04,46.42,46.64
2023-08-01,46.37,46.81,45.94,46.42
2023-08-02,45.74,45.75,43.3,44.18
2023-08-03,43.71,45.03,43.71,44.43
2023-08-04,44.9,45.55,44.31,44.59
2023-08-07,45.02,45.45,44.48,45.33
2023-08-08,44.77,45.15,43.97,44.58
2023-08-09,44.19,44.23,42.05,42.47
2023-08-10,42.08,43.49,41.75,42.31
2023-08-11,41.67,41.94,40.56,40.78
2023-08-14,40.41,43.71,40.23,43.67
2023-08-15,44.47,45.18,43.63,43.85
2023-08-16,44.43,44.59,43.32,43.4
2023-08-17,43.88,43.98,42.92,43.26
2023-08-18,42.55,43.49,41.58,43.21
2023-08-21,44.41,46.97,44.14,46.88
2023-08-22,48.04,48.09,45.24,45.58
2023-08-23,45.78,47.11,45.12,47.02
2023-08-24,50.12,50.17,47.07,47.07
2023-08-25,46.92,47.71,44.94,45.93
2023-08-28,46.39,46.89,44.8,46.74
2023-08-29,46.58,48.99,46.3,48.69
2023-08-30,48.95,49.83,48.33,49.17
2023-08-31,49.28,49.65,48.86,49.26
2023-09-01,49.67,49.7,48.05,48.41
2023-09-05,48.13,48.76,47.77,48.45
2023-09-06,48.35,48.46,46.49,46.97
2023-09-07,45.44,46.26,45.07,46.15
2023-09-08,45.86,46.52,45.19,45.49
2023-09-11,46.06,46.08,44.23,45.09
2023-09-12,44.65,45.59,44.45,44.79
2023-09-13,44.52,45.84,44.42,45.4
2023-09-14,45.86,45.9,45.05,45.5
2023-09-15,45.26,45.51,43.73,43.82
2023-09-18,42.67,44.16,41.92,43.88
2023-09-19,43.75,43.88,42.92,43.44
2023-09-20,43.52,43.82,42.14,42.16
2023-09-21,41.51,42.02,40.9,40.94
2023-09-22,41.49,42.04,41.15,41.53
2023-09-25,41.51,42.46,41.1,42.14
2023-09-26,41.92,42.74,41.58,41.83
2023-09-27,42.25,42.79,41.55,42.39
2023-09-28,42.38,43.37,42.04,43.01
2023-09-29,43.75,44.06,43.23,43.42
2023-10-02,43.95,45.09,43.78,44.7
2023-10-03,44.72,45.05,43.17,43.44
2023-10-04,43.66,44.06,43.21,43.96
2023-10-05,43.97,44.82,43.81,44.6
2023-10-06,44.11,45.7,43.94,45.68
2023-10-09,44.76,45.52,44.29,45.19
2023-10-10,45.23,46.17,45.0,45.71
2023-10-11,46.11,46.77,45.96,46.72
2023-10-12,46.69,47.52,46.24,46.86
2023-10-13,46.87,47.03,45.2,45.38
2023-10-16,44.98,46.14,44.83,46.01
2023-10-17,43.92,44.67,42.4,43.86
2023-10-18,42.51,43.14,41.75,42.12
2023-10-19,42.73,43.22,41.8,42.02
2023-10-20,41.81,42.39,41.0,41.31
2023-10-23,41.15,43.17,40.87,42.89
2023-10-24,43.0,43.62,42.61,43.58
2023-10-25,43.32,43.57,41.48,41.7
2023-10-26,41.78,42.18,39.81,40.25
2023-10-27,41.05,41.13,39.94,40.42
2023-10-30,41.01,41.69,40.41,41.08
2023-10-31,40.37,40.8,39.16,40.7
2023-11-01,40.81,42.3,40.79,42.25
2023-11-02,43.25,43.8,42.81,43.42
2023-11-03,43.94,45.22,43.64,44.92
2023-11-06,45.2,45.85,44.82,45.67
2023-11-07,45.63,46.13,45.07,45.87
2023-11-08,46.01,46.78,45.88,46.49
2023-11-09,47.38,48.14,46.66,46.86
2023-11-10,47.41,48.38,47.19,48.24
2023-11-13,48.23,49.02,48.01,48.53
2023-11-14,49.59,49.74,48.95,49.56
2023-11-15,49.84,49.87,48.11,48.8
2023-11-16,48.59,49.43,48.24,49.39
2023-11-17,49.43,49.62,48.92,49.21
2023-11-20,49.22,50.45,49.09,50.32
2023-11-21,50.03,50.42,49.13,49.85
2023-11-22,49.76,50.24,47.6,48.63
2023-11-24,48.38,48.83,47.66,47.69
2023-11-27,47.71,48.44,47.56,48.15
2023-11-28,48.15,48.23,47.38,47.73
2023-11-29,48.29,48.67,47.77,48.05
2023-11-30,47.93,48.02,46.34,46.68
2023-12-01,46.44,47.11,46.1,46.68
2023-12-04,45.99,45.99,44.93,45.43
2023-12-05,45.39,46.52,45.19,46.48
2023-12-06,47.13,47.3,45.33,45.42
2023-12-07,45.62,46.55,45.52,46.51
2023-12-08,46.51,47.66,46.47,47.42
2023-12-11,47.41,47.45,45.75,46.54
2023-12-12,45.96,47.58,45.96,47.57
2023-12-13,47.54,48.51,47.52,48.0
2023-12-14,48.3,48.58,47.34,48.26
2023-12-15,48.11,49.32,48.03,48.8
2023-12-18,49.31,50.34,49.06,49.99
2023-12-19,49.34,49.61,48.81,49.52
2023-12-20,49.57,49.91,48.01,48.03
2023-12-21,48.72,49.01,48.33,48.9
2023-12-22,49.11,49.3,48.38,48.74
2023-12-26,48.88,49.51,48.87,49.19
2023-12-27,49.42,49.59,49.0,49.33
2023-12-28,49.55,49.8,49.32,49.43
2023-12-29,49.72,49.91,48.66,49.43
2024-01-02,49.16,49.21,47.51,48.08
2024-01-03,47.4,48.1,47.24,47.48
2024-01-04,47.68,48.41,47.42,47.91
2024-01-05,48.38,49.46,48.22,49.01
2024-01-08,49.42,52.18,49.39,52.16
2024-01-09,52.31,54.23,51.6,53.05
2024-01-10,53.52,54.5,53.39,54.25
2024-01-11,54.9,55.25,53.46,54.72
2024-01-12,54.52,54.87,54.23,54.61
2024-01-16,54.92,56.73,54.8,56.28
2024-01-17,56.25,56.37,54.64,55.95
2024-01-18,57.16,57.5,56.01,57.01
2024-01-19,57.89,59.39,57.12,59.39
2024-01-22,59.94,60.22,58.97,59.55
2024-01-23,59.46,59.8,58.48,59.77
2024-01-24,60.2,62.74,59.83,61.25
2024-01-25,62.24,62.61,60.74,61.51
2024-01-26,60.85,61.67,60.47,60.92
2024-01-29,61.12,62.38,60.8,62.35
2024-01-30,62.79,63.38,62.15,62.66
2024-01-31,61.33,62.16,60.59,61.42
2024-02-01,61.99,63.08,61.54,62.92
2024-02-02,63.86,66.48,63.58,66.04
2024-02-05,68.1,69.37,67.09,69.21
2024-02-06,69.51,69.63,66.18,68.1
2024-02-07,68.2,70.1,67.48,69.97
2024-02-08,69.95,70.67,69.33,69.52
2024-02-09,70.41,72.06,70.09,72.01
2024-02-12,72.47,74.48,71.12,72.12
2024-02-13,70.28,73.32,69.5,72.0
2024-02-14,73.07,74.1,71.81,73.77
2024-02-15,73.74,73.84,72.27,72.53
2024-02-16,73.97,74.27,72.37,72.48
2024-02-20,71.82,71.83,67.61,69.33
2024-02-21,67.89,68.77,66.13,67.35
2024-02-22,74.89,78.44,74.09,78.4
2024-02-23,80.65,82.25,77.43,78.68
2024-02-26,79.56,80.5,78.37,78.95
2024-02-27,79.24,79.34,77.03,78.56
2024-02-28,77.48,78.79,76.99,77.53
2024-02-29,78.95,79.85,78.21,78.97
2024-03-01,79.86,82.15,79.29,82.13
2024-03-04,83.98,87.54,83.57,85.09
2024-03-05,85.12,85.95,83.27,85.82
2024-03-06,87.87,89.57,86.88,88.55
2024-03-07,90.0,92.61,89.45,92.51
2024-03-08,94.97,97.23,86.36,87.38
2024-03-11,86.28,88.64,84.02,85.63
2024-03-12,87.9,91.8,86.0,91.75
2024-03-13,90.9,91.35,88.28,90.73
2024-03-14,89.42,90.49,86.45,87.79
2024-03-15,86.78,89.39,86.11,87.69
2024-03-18,90.23,92.25,86.93,88.3
2024-03-19,86.55,90.39,84.86,89.24
2024-03-20,89.64,90.25,88.07,90.22
2024-03-21,92.14,92.49,90.25,91.28
2024-03-22,90.98,94.61,90.68,94.13
2024-03-25,93.78,96.6,93.35,94.84
2024-03-26,95.69,96.21,92.34,92.4
2024-03-27,92.95,93.08,88.97,90.09
2024-03-28,89.84,91.14,89.04,90.2
2024-04-01,90.14,92.07,89.05,90.21
2024-04-02,88.3,89.94,87.47,89.3
2024-04-03,88.33,90.22,88.25,88.81
2024-04-04,90.25,90.48,85.73,85.76
2024-04-05,86.72,88.33,85.78,87.86
2024-04-08,88.55,88.68,86.58,86.98
2024-04-09,87.29,87.48,82.88,85.21
2024-04-10,83.78,87.25,83.56,86.89
2024-04-11,87.27,90.58,86.78,90.46
2024-04-12,89.54,90.02,87.38,88.03
2024-04-15,88.94,90.46,85.78,85.85
2024-04-16,86.28,87.97,85.92,87.26
2024-04-17,88.19,88.62,83.8,83.89
2024-04-18,84.82,86.04,82.26,84.52
2024-04-19,83.01,84.18,75.48,76.07
2024-04-22,77.97,79.93,76.27,79.38
2024-04-23,80.63,82.63,80.13,82.28
2024-04-24,83.8,83.94,79.05,79.54
2024-04-25,78.73,83.18,78.09,82.49
2024-04-26,83.67,88.18,83.24,87.58
2024-04-29,87.44,87.84,85.12,87.61
2024-04-30,87.09,88.67,86.15,86.25
2024-05-01,84.93,85.85,81.11,82.9
2024-05-02,84.3,86.09,83.06,85.67
2024-05-03,87.64,89.13,86.89,88.64
2024-05-06,89.24,92.06,88.9,91.98
2024-05-07,90.94,91.62,88.86,90.4
2024-05-08,89.33,91.04,89.27,90.26
2024-05-09,90.37,90.91,88.08,88.59
2024-05-10,90.15,91.24,89.07,89.72
2024-05-13,90.32,90.84,88.38,90.24
2024-05-14,89.44,91.49,88.78,91.2
2024-05-15,92.31,94.7,91.44,94.47
2024-05-16,94.75,95.65,93.94,94.2
2024-05-17,94.21,94.58,91.65,92.32
2024-05-20,93.59,95.04,93.28,94.62
2024-05-21,93.44,95.24,93.02,95.22
2024-05-22,95.29,95.85,93.09,94.79
2024-05-23,101.85,106.14,101.34,103.62
2024-05-24,104.27,106.29,102.82,106.29
2024-05-28,110.05,114.74,109.69,113.7
2024-05-29,112.85,115.29,110.71,114.63
2024-05-30,114.45,115.62,109.47,110.31
2024-05-31,112.33,112.52,106.76,109.44
2024-06-03,113.42,114.8,111.81,114.8
2024-06-04,115.52,116.4,113.85,116.24
2024-06-05,118.17,122.24,117.27,122.23
2024-06-06,123.83,125.37,118.12,120.79
2024-06-07,119.56,121.48,117.82,120.68
2024-06-10,120.16,122.89,116.81,121.58
2024-06-11,121.57,122.67,118.54,120.71
2024-06-12,122.86,126.67,122.37,124.99
2024-06-13,129.18,129.59,126.95,129.4
2024-06-14,129.75,132.62,128.11,131.66
2024-06-17,132.77,133.51,129.37,130.76
2024-06-18,130.92,136.11,130.47,135.36
2024-06-20,139.57,140.53,129.31,130.56
2024-06-21,126.91,130.42,124.1,126.36
2024-06-24,123.04,124.26,117.85,117.92
2024-06-25,121.0,126.29,119.12,125.88
2024-06-26,125.92,127.91,122.4,126.19
2024-06-27,123.9,126.2,122.72,123.79
2024-06-28,124.38,127.5,122.55,123.34
2024-07-01,123.27,124.63,118.63,124.1
2024-07-02,120.93,123.21,120.83,122.47
2024-07-03,121.46,128.07,121.16,128.07
2024-07-05,127.17,128.64,125.47,125.62
2024-07-08,127.28,130.55,126.83,127.99
2024-07-09,130.14,133.6,128.44,131.16
2024-07-10,133.81,134.88,132.2,134.69
2024-07-11,135.53,135.93,126.84,127.19
2024-07-12,128.05,131.7,127.01,129.03
2024-07-15,130.35,131.17,126.97,128.23
2024-07-16,128.23,128.83,124.37,126.15
2024-07-17,121.15,121.65,116.53,117.8
2024-07-18,121.65,122.2,116.37,120.89
2024-07-19,120.15,121.4,117.18,117.74
2024-07-22,120.15,123.87,119.66,123.34
2024-07-23,122.58,124.48,121.9,122.39
2024-07-24,118.97,119.75,113.25,114.06
2024-07-25,112.85,116.44,106.13,112.1
2024-07-26,116.0,116.01,111.4,112.87
2024-07-29,113.5,116.09,111.12,111.41
2024-07-30,111.34,111.81,102.37,103.56
2024-07-31,112.71,118.15,110.7,116.83
2024-08-01,117.34,119.96,106.63,109.03
2024-08-02,103.59,108.54,101.2,107.09
2024-08-05,91.91,103.24,90.54,100.28
2024-08-06,103.67,107.53,100.38,104.08
2024-08-07,107.63,108.62,98.53,98.75
2024-08-08,101.83,105.33,97.36,104.8
2024-08-09,105.47,106.42,103.26,104.58
2024-08-12,106.15,110.89,106.09,108.84
2024-08-13,112.25,116.04,111.4,115.95
2024-08-14,118.33,118.4,113.88,117.89
2024-08-15,118.56,123.04,117.28,122.66
2024-08-16,121.74,124.79,120.98,124.38
2024-08-19,124.08,129.79,123.22,129.79
2024-08-20,128.19,129.67,125.68,127.04
2024-08-21,127.11,129.14,126.45,128.29
2024-08-22,129.81,130.53,122.9,123.54
2024-08-23,125.65,129.39,125.01,129.16
2024-08-26,129.36,131.04,124.17,126.25
2024-08-27,124.84,128.99,123.68,128.09
2024-08-28,127.91,128.12,122.44,125.4
2024-08-29,121.16,124.23,116.52,117.4
2024-08-30,119.33,121.55,117.03,119.17
2024-09-03,115.82,116.02,107.11,107.82
2024-09-04,105.24,113.08,103.95,106.04
2024-09-05,104.82,109.47,104.59,107.03
2024-09-06,107.86,107.97,100.78,102.66
2024-09-09,104.71,106.37,103.52,106.29
2024-09-10,107.63,109.22,104.78,107.92
2024-09-11,109.21,117.0,107.24,116.72
2024-09-12,116.66,120.6,115.2,118.95
2024-09-13,118.89,119.77,117.42,118.91
2024-09-16,116.61,118.0,114.18,116.6
2024-09-17,117.99,118.61,114.65,115.41
2024-09-18,115.71,117.52,113.04,113.19
2024-09-19,117.17,119.47,117.07,117.69
2024-09-20,116.88,118.43,115.21,115.82
2024-09-23,116.37,116.81,114.68,116.08
2024-09-24,116.34,121.61,115.2,120.68
2024-09-25,121.83,124.75,121.42,123.32
2024-09-26,126.6,127.47,121.61,123.85
2024-09-27,123.78,123.84,119.07,121.21
2024-09-30,118.13,121.31,117.97,121.25
2024-10-01,121.58,122.25,115.61,116.82
2024-10-02,116.26,119.19,114.96,118.66
2024-10-03,120.73,124.17,120.15,122.66
2024-10-04,124.75,124.84,121.64,124.73
2024-10-07,124.79,130.44,124.76,127.52
2024-10-08,130.06,133.27,129.22,132.68
2024-10-09,133.9,134.31,131.18,132.44
2024-10-10,131.7,134.79,130.8,134.6
2024-10-11,133.8,135.57,133.45,134.59
2024-10-14,136.26,139.38,136.09,137.85
2024-10-15,137.65,138.35,128.54,131.39
2024-10-16,133.77,136.41,131.37,135.51
2024-10-17,139.12,140.67,136.66,136.72
2024-10-18,138.45,138.68,137.07,137.78
2024-10-21,137.91,143.49,137.78,143.49
2024-10-22,142.69,144.19,141.56,143.37
2024-10-23,141.81,142.21,137.25,139.34
2024-10-24,140.6,141.13,138.24,140.19
2024-10-25,140.71,143.91,140.58,141.32
2024-10-28,142.78,142.92,139.83,140.3
2024-10-29,140.07,142.04,138.68,141.03
2024-10-30,139.32,140.11,136.6,139.12
2024-10-31,137.39,137.4,131.9,132.55
2024-11-01,134.49,137.1,134.36,135.19
2024-11-04,137.0,138.74,135.36,135.84
2024-11-05,137.24,140.15,137.12,139.69
2024-11-06,142.74,146.26,141.74,145.38
2024-11-07,146.16,148.7,145.94,148.65
2024-11-08,148.54,149.54,146.03,147.4
2024-11-11,148.45,148.62,143.35,145.03
2024-11-12,146.55,149.42,145.78,148.06
2024-11-13,148.84,149.1,145.67,146.04
2024-11-14,147.41,148.77,145.32,146.53
2024-11-15,144.64,145.01,139.86,141.76
2024-11-18,139.28,141.33,136.94,139.93
2024-11-19,141.1,146.9,140.77,146.78
2024-11-20,147.18,147.33,142.51,145.66
2024-11-21,149.12,152.65,140.48,146.44
2024-11-22,145.7,146.93,140.88,141.73
2024-11-25,141.77,141.83,135.61,135.81
2024-11-26,137.49,139.08,135.46,136.71
2024-11-27,134.8,137.01,131.59,135.13
2024-11-29,136.57,139.13,135.84,138.03
2024-12-02,138.61,140.23,137.61,138.41
2024-12-03,138.04,140.32,137.73,140.04
2024-12-04,141.78,145.56,140.07,144.91
2024-12-05,144.89,146.32,143.74,144.84
2024-12-06,144.38,145.48,141.1,142.23
2024-12-09,138.76,139.74,136.93,138.6
2024-12-10,138.8,141.61,133.59,134.87
2024-12-11,137.16,139.96,135.01,139.1
2024-12-12,136.88,138.23,135.6,137.14
2024-12-13,138.73,139.39,132.34,134.05
2024-12-16,133.98,134.2,130.23,131.8
2024-12-17,128.9,131.39,126.67,130.2
2024-12-18,133.66,136.5,128.09,128.72
2024-12-19,131.56,133.83,129.36,130.49
2024-12-20,129.62,135.08,128.03,134.5
2024-12-23,136.08,139.58,134.92,139.46
2024-12-24,139.79,141.69,138.44,140.01
2024-12-26,139.49,140.64,137.52,139.72
2024-12-27,138.34,138.81,134.51,136.81
2024-12-30,134.63,140.06,133.82,137.28
2024-12-31,137.82,137.86,133.63,134.09
2025-01-02,135.8,138.67,134.43,138.1
2025-01-03,139.8,144.68,139.52,144.25
2025-01-06,148.37,151.93,147.6,149.21
2025-01-07,152.8,152.9,139.8,139.93
2025-01-08,142.37,143.74,137.35,139.9
2025-01-10,137.25,139.71,134.02,135.71
2025-01-13,129.8,133.29,129.32,133.03
2025-01-14,135.85,136.18,129.86,131.56
2025-01-15,133.45,136.25,131.09,136.04
2025-01-16,138.43,138.54,133.29,133.37
2025-01-17,136.49,138.29,135.26,137.5
2025-01-21,138.95,141.62,136.89,140.62
2025-01-22,144.44,147.57,143.46,146.85
2025-01-23,144.83,147.01,143.51,147.0
2025-01-24,148.15,148.75,141.67,142.41
2025-01-27,124.61,128.21,116.53,118.24
2025-01-28,121.63,128.81,116.08,128.8
2025-01-29,126.31,126.7,119.87,123.52
2025-01-30,122.92,124.81,117.92,124.46
2025-01-31,123.6,127.66,119.01,119.89
2025-02-03,114.58,118.39,112.84,116.49
2025-02-04,116.79,121.02,116.53,118.47
2025-02-05,121.58,124.81,120.58,124.64
2025-02-06,127.23,128.58,125.02,128.49
2025-02-07,129.03,130.18,124.81,129.65
2025-02-10,129.9,134.8,129.77,133.37
2025-02-11,132.38,134.28,130.82,132.6
2025-02-12,129.83,132.04,128.89,130.94
2025-02-13,131.36,136.3,130.97,135.09
2025-02-14,136.28,139.04,135.3,138.64
2025-02-18,141.06,143.23,137.72,139.19
2025-02-19,139.3,141.15,137.02,139.02
2025-02-20,139.82,140.45,136.59,139.9
2025-02-21,139.83,141.25,133.83,134.23
2025-02-24,136.36,138.38,129.89,130.09
2025-02-25,129.79,130.01,124.25,126.44
2025-02-26,129.8,133.53,128.3,131.08
2025-02-27,134.8,134.81,119.83,119.97
2025-02-28,117.84,124.9,116.23,124.73
2025-03-03,123.33,123.52,112.11,113.89
2025-03-04,110.48,119.13,109.95,115.82
2025-03-05,117.4,118.1,114.34,117.13
2025-03-06,113.36,115.18,110.06,110.41
2025-03-07,111.08,113.31,107.4,112.52
2025-03-10,109.74,111.68,105.3,106.82
2025-03-11,106.83,112.07,104.61,108.6
2025-03-12,113.96,116.6,112.72,115.58
2025-03-13,116.87,117.6,113.63,115.42
2025-03-14,118.44,121.71,117.98,121.5
2025-03-17,122.57,122.72,117.86,119.36
2025-03-18,117.83,118.85,114.38,115.27
2025-03-19,117.11,120.28,115.52,117.36
2025-03-20,116.39,120.03,116.31,118.36
2025-03-21,116.78,117.82,115.26,117.54
2025-03-24,119.71,122.05,119.17,121.24
2025-03-25,120.38,121.12,118.75,120.52
2025-03-26,118.56,118.67,112.55,113.6
2025-03-27,111.19,114.29,110.51,111.27
2025-03-28,111.33,112.71,108.92,109.52
2025-03-31,104.98,110.8,103.5,108.23
2025-04-01,108.37,110.05,106.32,110.0
2025-04-02,107.14,111.82,106.64,110.27
2025-04-03,103.37,105.48,101.46,101.66
2025-04-04,98.77,99.99,91.98,94.18
2025-04-07,87.34,101.61,86.5,97.5
2025-04-08,103.66,105.7,94.33,96.17
2025-04-09,98.75,114.94,97.39,114.17
2025-04-10,109.22,110.7,99.01,107.42
2025-04-11,108.35,111.39,107.33,110.77
2025-04-14,113.95,114.13,108.92,110.56
2025-04-15,110.81,113.46,110.35,112.04
2025-04-16,104.4,106.64,100.31,104.34
2025-04-17,104.3,104.32,99.91,101.35
2025-04-21,98.63,99.3,94.91,96.77
2025-04-22,98.64,99.67,97.14,98.75
2025-04-23,104.37,104.65,101.88,102.57
2025-04-24,103.34,106.39,102.97,106.28
2025-04-25,106.7,111.76,105.58,110.85
2025-04-28,109.54,110.22,105.87,108.58
2025-04-29,107.52,110.05,107.29,108.87
2025-04-30,104.32,108.77,103.93,108.77
2025-05-01,112.92,114.78,111.14,111.45
2025-05-02,114.02,115.24,113.21,114.34
2025-05-05,112.75,114.51,112.5,113.66
2025-05-06,111.32,114.58,110.66,113.38
2025-05-07,112.89,117.52,112.12,116.9
2025-05-08,118.08,118.51,115.69,117.21
2025-05-09,117.19,118.06,115.05,116.49
2025-05-12,121.8,122.83,120.11,122.83
2025-05-13,124.81,131.04,124.3,129.75
2025-05-14,133.01,135.25,131.5,135.15
2025-05-15,134.1,136.11,132.47,134.64
2025-05-16,136.03,136.16,133.27,135.21
2025-05-19,132.2,135.68,132.2,135.38
2025-05-20,134.1,134.39,132.43,134.19
2025-05-21,132.87,137.21,130.41,131.62
2025-05-22,132.04,134.06,131.37,132.64
2025-05-23,129.82,132.49,128.98,131.11
2025-05-27,133.96,135.47,133.12,135.31
2025-05-28,135.84,137.06,134.6,134.62
2025-05-29,142.05,143.29,137.72,139.0
2025-05-30,138.53,139.42,132.73,134.94
2025-06-02,135.3,137.93,135.21,137.19
2025-06-03,138.59,141.8,137.76,141.02
2025-06-04,141.99,142.19,139.34,141.72
2025-06-05,141.97,143.8,138.64,139.79
2025-06-06,142.31,143.07,141.31,141.52
2025-06-09,142.99,144.8,141.74,142.43
2025-06-10,142.49,144.09,141.33,143.76
2025-06-11,144.42,144.8,141.68,142.64
2025-06-12,141.78,144.81,141.66,144.81
2025-06-13,142.29,143.39,140.66,141.78
2025-06-16,143.16,145.99,143.01,144.5
2025-06-17,144.3,145.03,143.59,143.93
2025-06-18,143.82,145.46,142.93,145.29
2025-06-20,145.26,146.01,142.46,143.66
2025-06-23,142.31,144.59,141.84,143.98
2025-06-24,145.37,147.76,145.31,147.7
2025-06-25,149.07,154.24,149.06,154.1
2025-06-26,155.77,156.51,153.8,154.81
2025-06-27,155.83,158.5,155.05,157.54
2025-06-30,158.19,158.45,155.75,157.78
2025-07-01,156.08,156.99,151.29,153.1
2025-07-02,152.78,157.39,152.77,157.04
2025-07-03,158.16,160.77,157.56,159.13
2025-07-07,157.99,159.1,157.13,158.03
2025-07-08,159.12,160.01,158.18,159.79
2025-07-09,161.01,164.2,160.95,162.66
2025-07-10,164.1,164.28,161.4,163.88
2025-07-11,163.5,167.67,163.25,164.7
2025-07-14,165.15,165.27,161.8,163.85
2025-07-15,170.96,172.17,168.97,170.47
2025-07-16,170.83,171.52,168.68,171.14
2025-07-17,171.79,173.93,170.6,172.77
2025-07-18,173.41,174.02,171.03,172.18
2025-07-21,172.52,173.15,170.77,171.15
2025-07-22,171.11,171.16,164.36,166.81
2025-07-23,169.3,171.03,167.75,170.55
2025-07-24,172.21,173.6,171.07,173.51
2025-07-25,173.38,174.49,172.73,173.27
2025-07-28,173.79,176.76,173.74,176.51
2025-07-29,177.72,179.14,174.79,175.28
2025-07-30,176.28,179.65,175.81,179.03
2025-07-31,182.66,183.06,175.7,177.63
2025-08-01,173.86,176.31,170.66,173.49
2025-08-04,174.93,179.96,174.29,179.76
2025-08-05,179.38,180.02,175.67,178.02
2025-08-06,176.1,179.66,176.02,179.18
2025-08-07,181.33,183.64,178.56,180.53
2025-08-08,181.31,183.06,180.16,182.46
2025-08-11,181.81,183.6,180.01,181.82
2025-08-12,182.72,184.23,179.22,182.92
2025-08-13,182.38,183.73,179.11,181.35
2025-08-14,179.51,182.78,179.22,181.78
2025-08-15,181.64,181.66,177.8,180.21
2025-08-18,180.36,182.7,180.35,181.77
2025-08-19,182.19,182.26,175.26,175.41
2025-08-20,174.94,175.77,168.58,175.17
2025-08-21,174.62,176.66,173.58,174.75
2025-08-22,172.38,178.35,170.97,177.75
2025-08-25,178.11,181.67,176.34,179.57
2025-08-26,179.82,182.15,178.57,181.53
2025-08-27,181.74,182.25,178.86,181.36
2025-08-28,180.58,184.22,176.18,179.93
2025-08-29,177.87,177.91,172.92,173.95
2025-09-02,169.77,172.15,167.0,170.55
2025-09-03,170.83,172.18,168.66,170.39
2025-09-04,170.34,171.63,169.18,171.43
2025-09-05,167.81,168.81,163.85,166.8
2025-09-08,167.33,170.73,167.13,168.09
2025-09-09,168.87,170.75,166.52,170.53
2025-09-10,176.41,179.05,175.24,177.09
2025-09-11,179.45,180.05,176.26,176.94
2025-09-12,177.54,178.37,176.23,177.59
2025-09-15,175.45,178.62,174.29,177.52
2025-09-16,176.77,177.27,174.16,174.66
2025-09-17,172.42,172.98,168.2,170.07
2025-09-18,173.76,176.87,172.74,176.02
2025-09-19,175.55,177.85,174.96,176.44
2025-09-22,175.08,184.31,174.49,183.38
2025-09-23,181.74,182.19,175.99,178.2
2025-09-24,179.54,179.55,175.18,176.74
2025-09-25,174.26,180.03,172.91,177.46
2025-09-26,177.94,179.54,174.71,177.96
2025-09-29,180.2,183.77,180.09,181.62
2025-09-30,181.85,187.11,181.25,186.34
2025-10-01,185.0,187.9,183.67,187.0
2025-10-02,189.36,190.81,187.82,188.65
2025-10-03,188.95,190.12,185.14,187.38
2025-10-06,185.26,186.99,183.1,185.3
2025-10-07,185.99,188.82,183.77,184.8
2025-10-08,186.33,189.36,186.3,188.87
2025-10-09,191.99,195.05,190.82,192.32
2025-10-10,193.26,195.37,181.82,182.93
2025-10-13,187.73,189.87,185.72,188.08
2025-10-14,184.53,184.56,179.47,179.8
2025-10-15,184.56,184.63,177.06,179.6
2025-10-16,182.0,183.05,179.54,181.58
2025-10-17,179.95,183.87,179.52,182.99
2025-10-20,182.9,184.96,181.5,182.41
2025-10-21,182.56,182.56,179.57,180.93
2025-10-22,180.91,183.21,176.53,180.05
2025-10-23,180.19,182.8,179.56,181.93
2025-10-24,183.61,187.23,183.27,186.02
2025-10-27,189.75,191.76,188.19,191.25
2025-10-28,192.8,202.89,191.67,200.77
2025-10-29,207.72,211.92,204.52,206.78
2025-10-30,204.89,205.9,201.15,202.63
2025-10-31,206.19,207.71,201.81,202.23
2025-11-03,207.81,211.07,205.3,206.62
2025-11-04,202.74,203.71,197.68,198.44
2025-11-05,198.52,202.66,194.4,194.96
2025-11-06,196.17,197.37,186.14,187.84
2025-11-07,184.66,188.08,178.68,187.91
2025-11-10,194.86,199.69,193.54,198.8
2025-11-11,194.91,195.17,191.06,192.91
2025-11-12,195.47,195.64,190.89,193.55
2025-11-13,190.81,191.2,183.62,186.62
2025-11-14,182.63,190.77,180.35,189.93
2025-11-17,185.73,188.76,184.09,186.36
2025-11-18,183.15,184.56,179.42,181.13
2025-11-19,184.55,187.62,182.6,186.28
2025-11-20,195.7,195.75,179.62,180.41
2025-11-21,181.01,184.32,172.71,178.65
2025-11-24,179.26,183.27,176.26,182.32
2025-11-25,174.69,177.93,169.33,177.59
2025-11-26,181.4,182.68,178.01,180.03
2025-11-28,178.78,179.06,176.28,176.77
2025-12-01,174.54,180.07,173.46,179.69
2025-12-02,181.53,185.42,179.77,181.23
2025-12-03,180.85,182.22,178.88,179.36
2025-12-04,181.4,184.3,179.74,183.16
2025-12-05,183.67,184.44,180.69,182.19
2025-12-08,182.42,187.77,182.18,185.32
2025-12-09,185.33,185.49,183.1,184.74
2025-12-10,184.74,185.25,181.82,183.56
2025-12-11,180.06,181.1,176.4,180.71
2025-12-12,180.89,182.6,174.41,174.81
2025-12-15,177.72,178.2,174.82,176.08
2025-12-16,176.05,178.27,174.69,177.5
2025-12-17,175.89,175.92,170.1,170.73
2025-12-18,174.32,175.94,171.61,173.93
2025-12-19,176.45,181.23,176.13,180.77
2025-12-22,183.7,183.94,182.13,183.47
2025-12-23,182.75,189.1,182.68,188.98
2025-12-24,187.71,188.68,186.36,188.38
2025-12-26,189.69,192.46,187.77,190.3
2025-12-29,187.48,188.53,185.68,187.99
2025-12-30,188.01,188.76,186.7,187.31
2025-12-31,189.34,190.33,186.26,186.27
2026-01-02,189.61,192.69,188.03,188.62
2026-01-05,191.53,193.39,185.92,187.89
2026-01-06,190.29,191.94,186.59,187.01
2026-01-07,188.34,191.14,186.33,188.88
2026-01-08,188.88,189.32,183.49,184.81
2026-01-09,184.85,186.11,183.45,184.63
2026-01-12,183.0,186.89,182.8,184.71
2026-01-13,184.77,187.88,183.18,185.58
2026-01-14,184.1,184.24,180.58,182.92
2026-01-15,186.27,189.47,186.1,186.82
2026-01-16,188.85,190.21,185.85,186.0
2026-01-20,181.68,182.16,177.39,177.85
2026-01-21,178.83,185.15,178.18,183.1
2026-01-22,184.52,185.94,183.71,184.61
2026-01-23,187.27,189.37,186.59,187.44
2026-01-26,186.93,188.89,185.76,186.24
2026-01-27,187.01,189.77,185.47,188.29
2026-01-28,191.04,192.12,189.61,191.29
2026-01-29,191.11,193.24,185.83,192.28
2026-01-30,190.98,194.25,189.24,190.9
2026-02-02,186.97,190.07,184.65,185.38
2026-02-03,186.01,186.04,176.02,180.12
2026-02-04,179.24,179.36,171.7,173.98
2026-02-05,174.72,176.6,170.82,171.67
2026-02-06,176.47,186.77,174.39,185.18
2026-02-09,184.04,193.42,183.73,189.81
2026-02-10,191.15,192.25,187.89,188.31
2026-02-11,192.22,193.02,188.54,189.82
2026-02-12,192.79,193.37,186.28,186.71
2026-02-13,187.25,187.27,181.37,182.59
2026-02-17,181.53,186.92,178.96,184.74
2026-02-18,188.52,190.14,186.53,187.75
2026-02-19,186.83,188.2,185.43,187.67
2026-02-20,186.34,190.1,185.71,189.59
2026-02-23,191.17,193.71,189.35,191.32
2026-02-24,191.26,193.53,187.17,192.62
2026-02-25,194.21,197.39,193.55,195.32
2026-02-26,194.03,194.05,184.1,184.66
2026-02-27,181.03,182.37,176.17,176.97
2026-03-02,174.8,183.24,174.43,182.26
2026-03-03,178.27,180.68,176.7,179.83
2026-03-04,180.22,184.47,179.84,182.82
2026-03-05,180.95,183.84,177.66,183.12
2026-03-06,179.62,182.54,176.6,177.6
2026-03-09,176.61,182.69,175.35,182.43
2026-03-10,182.18,186.21,181.79,184.54
2026-03-11,185.69,187.4,184.24,185.81
2026-03-12,183.84,184.72,181.54,182.93
2026-03-13,184.7,185.87,179.73,180.04
2026-03-16,182.76,188.66,181.2,183.01
2026-03-17,184.84,185.18,181.47,181.72
2026-03-18,182.27,183.17,180.12,180.19
2026-03-19,177.8,179.77,175.59,178.35
2026-03-20,177.79,178.05,171.52,172.5
2026-03-23,177.05,178.16,174.56,175.44
2026-03-24,174.63,176.01,173.78,175.0
2026-03-25,176.89,181.01,176.64,178.47
2026-03-26,175.87,176.3,170.94,171.04
2026-03-27,169.8,170.77,166.82,167.32
2026-03-30,168.58,169.25,164.08,164.98
2026-03-31,166.78,174.42,166.77,174.2
2026-04-01,175.8,177.16,174.55,175.55
2026-04-02,171.98,177.28,171.17,177.18
2026-04-06,176.95,177.58,175.56,177.43
2026-04-07,175.53,178.02,173.46,177.89
2026-04-08,184.29,185.04,180.09,181.87
2026-04-09,181.63,183.87,180.41,183.7
2026-04-10,184.1,189.78,184.09,188.41
2026-04-13,185.81,189.44,185.52,189.09
2026-04-14,190.62,196.28,190.55,196.28
2026-04-15,196.31,200.17,195.51,198.64
2026-04-16,197.2,199.62,195.58,198.12
2026-04-17,199.67,201.47,199.04,201.45
2026-04-20,199.75,201.93,197.61,201.82
2026-04-21,201.89,202.51,198.77,199.65
2026-04-22,200.76,202.26,198.77,202.26
2026-04-23,202.22,203.59,196.99,199.41
2026-04-24,199.73,210.7,199.58,208.03
2026-04-27,209.41,216.58,207.14,216.36
2026-04-28,209.25,214.48,207.96,212.92
2026-04-29,212.45,212.47,207.34,209.01
2026-04-30,209.69,210.06,198.47,199.34
2026-05-01,201.05,202.76,196.89,198.22
2026-05-04,199.27,201.5,194.51,198.25
2026-05-05,199.07,200.01,195.8,196.27
2026-05-06,199.66,208.03,198.38,207.59
2026-05-07,208.1,213.95,206.26,211.25
2026-05-08,212.78,217.55,212.64,214.95
2026-05-11,213.79,222.04,213.64,219.18
2026-05-12,218.3,223.49,214.67,220.52
2026-05-13,224.67,227.57,221.31,225.57
2026-05-14,229.58,236.26,229.03,235.47
2026-05-15,229.49,231.23,223.98,225.06
2026-05-18,229.6,229.73,218.12,222.06
2026-05-19,219.36,224.22,217.66,220.35
2026-05-20,222.92,225.87,220.24,223.21
2026-05-21,222.03,227.14,217.68,219.25
2026-05-22,220.64,220.75,214.55,215.08
2026-05-26,216.29,217.93,211.75,214.61
2026-05-27,213.87,213.9,208.54,212.35
2026-05-28,211.03,215.27,210.97,214.0
2026-05-29,214.33,217.61,210.88,210.89
2026-06-01,215.48,224.61,215.45,224.1
2026-06-02,226.92,232.01,221.09,222.56
2026-06-03,221.46,222.56,214.26,214.5
2026-06-04,213.91,221.6,210.97,218.66
2026-06-05,214.53,214.87,204.33,205.1
2026-06-08,210.18,210.47,206.0,208.64
2026-06-09,210.62,211.4,199.34,208.19
2026-06-10,204.43,207.22,199.92,200.42
2026-06-11,201.49,205.66,199.54,204.87
2026-06-12,204.86,207.07,203.44,205.19
2026-06-15,208.92,212.71,208.34,212.45
2026-06-16,211.18,211.49,207.29,207.41
2026-06-17,208.53,209.21,203.08,204.65
2026-06-18,207.33,211.39,206.5,210.69
